{"train loss": 2.3617382049560547, "epoch": 1, "_timestamp": 1713754979.783651, "_runtime": 126.23533320426941, "_step": 7, "_wandb": {"runtime": 137}}