{"train loss": 0.5215814709663391, "epoch": 10, "_timestamp": 1713933434.909128, "_runtime": 836.978278875351, "_step": 1239, "test_f1": 0.4728476821192053, "test_recall": 0.8283062645011601, "test_precision": 0.33086190917516217, "test_acc": 0.7963152507676561, "lr": 0.0001, "threshold": 0.4813341200351715, "_wandb": {"runtime": 835}}