{"train loss": 0.0018232124857604504, "epoch": 10, "_timestamp": 1713929169.015397, "_runtime": 1090.1432201862335, "_step": 1399, "test_mse": 0.0030706976540386677, "lr": 0.0001, "_wandb": {"runtime": 1088}}