{"train loss": 0.6898458003997803, "epoch": 10, "_timestamp": 1713937222.3611276, "_runtime": 9052.934400558472, "_step": 78781, "test_acc": 0.7004305124282837, "lr": 0.001, "_wandb": {"runtime": 9051}}