{"train loss": 0.36628398299217224, "epoch": 10, "_timestamp": 1713937093.646702, "_runtime": 8646.638008117676, "_step": 16485, "test_f1": 0.4326563488867154, "test_recall": 0.8417282292366242, "test_precision": 0.29115688400185846, "test_acc": 0.8136691735006235, "lr": 0.0001, "threshold": 0.3789888620376587, "_wandb": {"runtime": 8646}}