{"train loss": 0.5352693796157837, "epoch": 10, "_timestamp": 1713930095.3780403, "_runtime": 2031.1431124210358, "_step": 3749, "test_f1": 0.4973735139618468, "test_recall": 0.41595375722543354, "test_precision": 0.6184255757992437, "test_acc": 0.6985074626865672, "lr": 0.0001, "threshold": 0.3733656704425812, "_wandb": {"runtime": 2030}}