{"train loss": 0.7772625088691711, "epoch": 10, "_timestamp": 1713932379.7899122, "_runtime": 2184.8237643241882, "_step": 8029, "test_f1": 0.7031685349575585, "test_recall": 0.8416317667132, "test_precision": 0.6038281771644781, "test_acc": 0.8222903250834045, "lr": 0.0001, "threshold": 0.7812505960464478, "_wandb": {"runtime": 2183}}